Name,Ratings,Price,Source,Left_Right_Name,Left_Right_Ratings,Left_Right_Price,Left_Right_Source,Right_Name,Right_Ratings,Right_Price,Right_Source
Sony Cyber-Shot DSC-RX100 Camera Black,4.83,299,ebay,Sony DSC-RX100 Point & Shoot Camera,4.7,29897,Flipkart,DSC-RX100/B Cyber-shot Digital Camera RX100,4.353,448,Walmart
Sony Cyber-Shot DSC-RX100 Camera Black,4.83,299,ebay,Sony DSC-RX100 Point & Shoot Camera,4.7,29897,Flipkart,Sony Cyber-shot DSC-RX100 Digital Camera (Black) with 32GB Deluxe Accessory Bundle,4.381,448,Walmart
Sony Cyber-Shot DSC-RX100 Camera Black,4.83,299,ebay,Sony DSC-RX100 Point & Shoot Camera,4.7,29897,Flipkart,Sony Cyber-shot DSC-RX100 Digital Camera (Black) with 64GB Deluxe Accessory Bundle,4.381,498,Walmart
Sony Cyber-Shot DSC-RX100 Digital Camera,4.83,448,ebay,Sony DSC-RX100 Point & Shoot Camera,4.7,29897,Flipkart,DSC-RX100/B Cyber-shot Digital Camera RX100,4.353,448,Walmart
Sony Cyber-Shot DSC-RX100 Digital Camera,4.83,448,ebay,Sony DSC-RX100 Point & Shoot Camera,4.7,29897,Flipkart,DSC-RX100M3/B Cyber-shot Digital Camera RX100 III,4.406,724,Walmart
Sony Cyber-Shot DSC-RX100 Digital Camera,4.83,448,ebay,Sony DSC-RX100 Point & Shoot Camera,4.7,29897,Flipkart,DSC-RX100M4 Cyber-shot Digital Camera RX100 IV,4.857,794.98,Walmart
Sony Cyber-Shot DSC-RX100 Digital Camera,4.83,448,ebay,Sony DSC-RX100 Point & Shoot Camera,4.7,29897,Flipkart,DSC-RX100M5 RX100 V Cyber-shot Digital Camera,4.591,949,Walmart
Sony Cyber-Shot DSC-RX100 Digital Camera,4.83,448,ebay,Sony DSC-RX100 Point & Shoot Camera,4.7,29897,Flipkart,DSC-RX10M2 Cyber-shot Digital Camera RX10 II,4.4,1186.99,Walmart
Sony Cyber-Shot DSC-RX100 Digital Camera,4.83,448,ebay,Sony DSC-RX100 Point & Shoot Camera,4.7,29897,Flipkart,DSC-RX1R/B Cyber-shot Digital Camera RX1R,4.364,2044.99,Walmart
Sony Cyber-Shot DSC-RX100 Digital Camera,4.83,448,ebay,Sony DSC-RX100 Point & Shoot Camera,4.7,29897,Flipkart,Sony Cyber-Shot DSC-RX100 Digital Camera + Sony 32GB Memory Card + Accessory Bundle,4.381,458,Walmart
Sony Cyber-Shot DSC-RX100 Digital Camera,4.83,448,ebay,Sony DSC-RX100 Point & Shoot Camera,4.7,29897,Flipkart,Sony Cyber-shot DSC-RX100 Digital Camera (Black) with 32GB Deluxe Accessory Bundle,4.381,448,Walmart
Sony Cyber-Shot DSC-RX100 Digital Camera,4.83,448,ebay,Sony DSC-RX100 Point & Shoot Camera,4.7,29897,Flipkart,Sony Cyber-shot DSC-RX100 Digital Camera (Black) with 64GB Deluxe Accessory Bundle,4.381,498,Walmart
Sony Cyber-Shot DSC-RX100 Digital Camera,4.83,448,ebay,Sony DSC-RX100 Point & Shoot Camera,4.7,29897,Flipkart,Sony DSC-RX100M II Cyber-shot Digital Camera with 64GB Accessory Bundle,4.271,598,Walmart
Sony DSC-RX100 V Digital Camera,4.56,998,ebay,Sony DSC-RX100 Point & Shoot Camera,4.7,29897,Flipkart,DSC-RX10 Digital Still Camera,4.4,845,Walmart
Sony DSC-RX100 V Digital Camera,4.56,998,ebay,Sony DSC-RX100 Point & Shoot Camera,4.7,29897,Flipkart,DSC-RX100M5 RX100 V Cyber-shot Digital Camera,4.591,949,Walmart
Sony DSC-RX100M5 Cybershot Digital Camera,4.56,919.99,ebay,Sony DSC-RX100M2 Advanced Point & Shoot Camera,4.8,38990,Flipkart,DSC-RX100M3/B Cyber-shot Digital Camera RX100 III,4.406,724,Walmart
Sony DSC-RX100M5 Cybershot Digital Camera,4.56,919.99,ebay,Sony DSC-RX100M2 Advanced Point & Shoot Camera,4.8,38990,Flipkart,DSC-RX100M4 Cyber-shot Digital Camera RX100 IV,4.857,794.98,Walmart
Sony DSC-RX100M5 Cybershot Digital Camera,4.56,919.99,ebay,Sony DSC-RX100M2 Advanced Point & Shoot Camera,4.8,38990,Flipkart,DSC-RX100M5 RX100 V Cyber-shot Digital Camera,4.591,949,Walmart
Sony DSC-RX100M5 Cybershot Digital Camera,4.56,919.99,ebay,Sony DSC-RX100M2 Advanced Point & Shoot Camera,4.8,38990,Flipkart,DSC-RX10M2 Cyber-shot Digital Camera RX10 II,4.4,1186.99,Walmart
Sony DSC-RX100M5 Cybershot Digital Camera,4.56,919.99,ebay,Sony DSC-RX100M2 Advanced Point & Shoot Camera,4.8,38990,Flipkart,DSC-RX10M3/B Cyber-shot Digital Camera RX10 III,4.397,1269.99,Walmart
Sony DSC-RX100M5 Cybershot Digital Camera,4.56,919.99,ebay,Sony DSC-RX100M2 Advanced Point & Shoot Camera,4.8,38990,Flipkart,DSC-RX1R/B Cyber-shot Digital Camera RX1R,4.364,2044.99,Walmart
Sony DSC-RX100M5 Cybershot Digital Camera,4.56,919.99,ebay,Sony DSC-RX100M2 Advanced Point & Shoot Camera,4.8,38990,Flipkart,Sony Cybershot DSC-RX100M2 Digital Still Camera - Black,5,598,Walmart
